{
  "q10": {
    "qubit": {
      "IQ_input": {
        "I": 3,
        "Q": 4
      },
      "IQ_bias": {
        "I": 0.006982553780215784,
        "Q": -0.08350116118923179
      },
      "correction_gain": -0.03566545454545449,
      "correction_phase": -0.24667636363636358,
      "qubit_LO": 4500000000,
      "qubit_ge_freq": 4406763100,
      "qubit_ef_freq": 4406764310,
      "T1": 45000.0,
      "T2": 12500.03,
      "thermalization_time": 200000
    },
    "resonator": {
      "IQ_input": {
        "I": 1,
        "Q": 2
      },
      "IQ_bias": {
        "I": -0.010268844738358691,
        "Q": 0.08585555822268352
      },
      "correction_gain": 0.030080000000000016,
      "correction_phase": -0.09290181818181818,
      "resonator_LO": 7610000000,
      "resonator_freq": 7585563527,
      "time_of_flight": 340,
      "smearing": 0,
      "rotation_angle": 114.74050336216277,
      "threshold": -0.0015420123812233033
    },
    "gates": {
      "square_gate": {
        "length": 40,
        "length_ef": 40,
        "length_gf": 40,
        "amplitude": 0.06576319751403452,
        "amplitude_ef": 0.06576319751403452,
        "amplitude_gf": 0.06576319751403452
      },
      "gaussian_gate": {
        "length": 20,
        "amplitude": 0.3052943540951371,
        "sigma": 0.33333
      },
      "cos_gate": {
        "length": 20,
        "amplitude": 0.3052943540951371
      },
      "drag_gaussian_gate": {
        "length": 20,
        "amplitude": 0.3052943540951371,
        "drag_coef": 0.3971504,
        "sigma": 0.33333
      },
      "drag_cos_gate": {
        "length": 20,
        "amplitude": 0.3052943540951371,
        "drag_coef": 0.3971504
      },
      "saturation_pulse": {
        "length": 100000,
        "amplitude": 0.401
      },
      "readout_pulse": {
        "length": 2000,
        "amplitude": 0.07
      }
    }
  }
}
