{
  "q10": {
    "qubit": {
      "qubit_ge_freq": 4406753100,
      "qubit_ef_freq": 4406764310,
      "T1": 45000.0,
      "T2": 12500.03,
      "thermalization_time": 200000
    },
    "resonator": {
      "resonator_freq": 7585163527,
      "time_of_flight": 340,
      "smearing": 10,
      "rotation_angle": 76.7,
      "threshold": -0.7e-03
    },
    "gates": {
      "square_gate": {
        "length": 40,
        "length_ef": 40,
        "length_gf": 40,
        "amplitude": 0.0668592508,
        "amplitude_ef": 0.06576319751403452,
        "amplitude_gf": 0.06576319751403452
      },
      "gaussian_gate": {
        "length": 20,
        "amplitude": 0.3052943540951371,
        "sigma": 0.33333
      },
      "cos_gate": {
        "length": 20,
        "amplitude": 0.3052943540951371
      },
      "drag_gaussian_gate": {
        "length": 20,
        "amplitude": 0.3052943540951371,
        "drag_coef": 0.3971504,
        "sigma": 0.33333
      },
      "drag_cos_gate": {
        "length": 20,
        "amplitude": 0.3052943540951371,
        "drag_coef": 0.3971504
      },
      "saturation_pulse": {
        "length": 100000,
        "amplitude": 0.401
      },
      "readout_pulse": {
        "length": 2400,
        "amplitude": 0.08
      }
    }
  }
}